{"cameraMode":{"drawMode":0,"name":"Shaded","section":"Shading Mode"},"sceneLighting":true,"audioPlay":false,"sceneViewState":{"m_AlwaysRefresh":false,"showFog":true,"showSkybox":true,"showFlares":true,"showImageEffects":true,"showParticleSystems":true,"showVisualEffectGraphs":true,"m_FxEnabled":true},"in2DMode":false,"pivot":{"x":3.937723159790039,"y":0.20817828178405763,"z":1.1042683124542237},"rotation":{"x":0.1454819142818451,"y":0.5644837021827698,"z":-0.10499956458806992,"w":0.8061662316322327},"size":2.6555755138397219,"orthographic":false}