{"cameraMode":{"drawMode":0,"name":"Shaded","section":"Shading Mode"},"sceneLighting":true,"audioPlay":false,"sceneViewState":{"m_AlwaysRefresh":false,"showFog":true,"showSkybox":true,"showFlares":true,"showImageEffects":true,"showParticleSystems":true,"showVisualEffectGraphs":true,"m_FxEnabled":true},"in2DMode":false,"pivot":{"x":8.99895191192627,"y":1.2215087413787842,"z":-2.745241641998291},"rotation":{"x":-0.015404942445456982,"y":-0.8050061464309692,"z":0.024440597742795945,"w":-0.5930755734443665},"size":4.8594279289245609,"orthographic":false}