{"cameraMode":{"drawMode":0,"name":"Shaded","section":"Shading Mode"},"sceneLighting":true,"audioPlay":false,"sceneViewState":{"m_AlwaysRefresh":false,"showFog":true,"showSkybox":true,"showFlares":true,"showImageEffects":true,"showParticleSystems":true,"showVisualEffectGraphs":true,"m_FxEnabled":true},"in2DMode":false,"pivot":{"x":-3.4049324989318849,"y":1.578830599784851,"z":-0.9154140949249268},"rotation":{"x":-0.005774809047579765,"y":-0.8181129693984985,"z":-0.012073238380253315,"w":0.5755787491798401},"size":1.5595459938049317,"orthographic":false}