{"cameraMode":{"drawMode":0,"name":"Shaded","section":"Shading Mode"},"sceneLighting":true,"audioPlay":false,"sceneViewState":{"m_AlwaysRefresh":false,"showFog":true,"showSkybox":true,"showFlares":true,"showImageEffects":true,"showParticleSystems":true,"showVisualEffectGraphs":true,"m_FxEnabled":true},"in2DMode":false,"pivot":{"x":-1.2131226062774659,"y":2.3511617183685304,"z":0.7846814393997192},"rotation":{"x":-0.0013453259598463774,"y":-0.9986894130706787,"z":0.04229729250073433,"w":-0.04190703108906746},"size":0.9329983592033386,"orthographic":false}