{"cameraMode":{"drawMode":0,"name":"Shaded","section":"Shading Mode"},"sceneLighting":true,"audioPlay":false,"sceneViewState":{"m_AlwaysRefresh":false,"showFog":true,"showSkybox":true,"showFlares":true,"showImageEffects":true,"showParticleSystems":true,"showVisualEffectGraphs":true,"m_FxEnabled":true},"in2DMode":false,"pivot":{"x":-14.065717697143555,"y":-1.4495210647583008,"z":-0.052146054804325107},"rotation":{"x":0.11926475912332535,"y":-0.6966663599014282,"z":0.11562934517860413,"w":0.6984562873840332},"size":7.444066524505615,"orthographic":false}