{"cameraMode":{"drawMode":0,"name":"Shaded","section":"Shading Mode"},"sceneLighting":true,"audioPlay":false,"sceneViewState":{"m_AlwaysRefresh":false,"showFog":true,"showSkybox":true,"showFlares":true,"showImageEffects":true,"showParticleSystems":true,"showVisualEffectGraphs":true,"m_FxEnabled":true},"in2DMode":false,"pivot":{"x":-1.1089675426483155,"y":2.2299232482910158,"z":-0.5017247200012207},"rotation":{"x":0.025718914344906808,"y":0.965472936630249,"z":-0.10467743128538132,"w":0.23718585073947907},"size":1.099351167678833,"orthographic":false}