{"cameraMode":{"drawMode":0,"name":"Shaded","section":"Shading Mode"},"sceneLighting":true,"audioPlay":false,"sceneViewState":{"m_AlwaysRefresh":false,"showFog":true,"showSkybox":true,"showFlares":true,"showImageEffects":true,"showParticleSystems":true,"showVisualEffectGraphs":true,"m_FxEnabled":true},"in2DMode":false,"pivot":{"x":7.016819477081299,"y":1.9493892192840577,"z":-7.103403091430664},"rotation":{"x":-0.0002989026252180338,"y":-0.9253919124603272,"z":0.001834505470469594,"w":-0.3802708089351654},"size":5.5784454345703129,"orthographic":false}