{"cameraMode":{"drawMode":0,"name":"Shaded","section":"Shading Mode"},"sceneLighting":true,"audioPlay":false,"sceneViewState":{"m_AlwaysRefresh":false,"showFog":true,"showSkybox":true,"showFlares":true,"showImageEffects":true,"showParticleSystems":true,"showVisualEffectGraphs":true,"m_FxEnabled":true},"in2DMode":false,"pivot":{"x":-0.9335728883743286,"y":1.5321015119552613,"z":-3.256382942199707},"rotation":{"x":-0.002514605177566409,"y":0.9993996620178223,"z":-0.043789997696876529,"w":-0.009696383029222489},"size":2.0918216705322267,"orthographic":false}