{"cameraMode":{"drawMode":0,"name":"Shaded","section":"Shading Mode"},"sceneLighting":true,"audioPlay":false,"sceneViewState":{"m_AlwaysRefresh":false,"showFog":true,"showSkybox":true,"showFlares":true,"showImageEffects":true,"showParticleSystems":true,"showVisualEffectGraphs":true,"m_FxEnabled":true},"in2DMode":false,"pivot":{"x":-0.41506272554397585,"y":1.5397865772247315,"z":2.044302463531494},"rotation":{"x":-0.010812039487063885,"y":0.022780878469347955,"z":0.000015434716260642745,"w":-0.9997504949569702},"size":1.285965919494629,"orthographic":false}