{"cameraMode":{"drawMode":0,"name":"Shaded","section":"Shading Mode"},"sceneLighting":true,"audioPlay":false,"sceneViewState":{"m_AlwaysRefresh":false,"showFog":true,"showSkybox":true,"showFlares":true,"showImageEffects":true,"showParticleSystems":true,"showVisualEffectGraphs":true,"m_FxEnabled":true},"in2DMode":false,"pivot":{"x":-3.4779229164123537,"y":1.8775498867034913,"z":-0.5951974987983704},"rotation":{"x":-0.0360092855989933,"y":-0.7853112816810608,"z":-0.04950892925262451,"w":0.6167007088661194},"size":1.5595459938049317,"orthographic":false}