{"cameraMode":{"drawMode":0,"name":"Shaded","section":"Shading Mode"},"sceneLighting":true,"audioPlay":false,"sceneViewState":{"m_AlwaysRefresh":false,"showFog":true,"showSkybox":true,"showFlares":true,"showImageEffects":true,"showParticleSystems":true,"showVisualEffectGraphs":true,"m_FxEnabled":true},"in2DMode":false,"pivot":{"x":-0.979935884475708,"y":1.0478801727294922,"z":-2.112450361251831},"rotation":{"x":0.0018084828043356538,"y":-0.999884843826294,"z":0.03182461857795715,"w":-0.004675919655710459},"size":2.1635000705718996,"orthographic":false}