{"cameraMode":{"drawMode":0,"name":"Shaded","section":"Shading Mode"},"sceneLighting":true,"audioPlay":false,"sceneViewState":{"m_AlwaysRefresh":false,"showFog":true,"showSkybox":true,"showFlares":true,"showImageEffects":true,"showParticleSystems":true,"showVisualEffectGraphs":true,"m_FxEnabled":true},"in2DMode":false,"pivot":{"x":0.8639700412750244,"y":1.1419851779937745,"z":-0.37146079540252688},"rotation":{"x":-0.16043069958686829,"y":-0.8346769213676453,"z":0.409095823764801,"w":-0.33290573954582217},"size":1.465707778930664,"orthographic":false}