{"cameraMode":{"drawMode":0,"name":"Shaded","section":"Shading Mode"},"sceneLighting":true,"audioPlay":false,"sceneViewState":{"m_AlwaysRefresh":false,"showFog":true,"showSkybox":true,"showFlares":true,"showImageEffects":true,"showParticleSystems":true,"showVisualEffectGraphs":true,"m_FxEnabled":true},"in2DMode":false,"pivot":{"x":-1.4738318920135499,"y":1.5498610734939576,"z":-2.9795188903808595},"rotation":{"x":0.002474986482411623,"y":-0.9863746762275696,"z":0.0014152774820104242,"w":0.16684934496879579},"size":1.5595459938049317,"orthographic":false}