{"cameraMode":{"drawMode":0,"name":"Shaded","section":"Shading Mode"},"sceneLighting":true,"audioPlay":false,"sceneViewState":{"m_AlwaysRefresh":false,"showFog":true,"showSkybox":true,"showFlares":true,"showImageEffects":true,"showParticleSystems":true,"showVisualEffectGraphs":true,"m_FxEnabled":true},"in2DMode":false,"pivot":{"x":4.847537040710449,"y":1.9944908618927003,"z":-2.4119415283203127},"rotation":{"x":-0.02461264282464981,"y":-0.918129563331604,"z":0.05994199961423874,"w":-0.39207637310028078},"size":3.5693063735961916,"orthographic":false}